user_id,book_id,borrow_date,return_date
134,149d4304-322d-433a-ab8a-9c960775f278,2024-02-01,2024-02-06
201,e19857ad-6935-4084-9256-a988d3de6988,2024-02-26,2024-03-02
201,1f29bb24-5e97-46d6-810d-4af0192c6d25,2024-02-21,2024-03-04
263,7bac4c9b-6275-4a67-aa2f-f61db7d49ffb,2024-03-04,2024-03-07
170,98de971b-8717-41e6-ae6a-a392320be140,2024-01-07,2024-01-14
170,4702d9a8-7ad6-4267-aa0a-0ce4ec63677d,2024-02-17,2024-02-22
170,ecac265d-16ce-476c-9b5e-a43d4a684572,2024-01-09,2024-01-23
94,0e821e2a-6915-4dab-a31c-4513a0396c6c,2024-02-05,2024-02-14
94,72c99817-85cf-4f70-a354-f675769d0226,2024-03-02,2024-03-14
94,72c99817-85cf-4f70-a354-f675769d0226,2024-01-31,2024-02-08
36,f5cb234a-e6b0-4c40-aed4-2ee00ea04ce4,2024-03-03,2024-03-07
36,a7ae68b4-d230-45cf-9421-5c6732630769,2024-03-01,2024-03-06
36,f5cb234a-e6b0-4c40-aed4-2ee00ea04ce4,2024-02-18,2024-02-22
229,087e1598-11df-4ea2-832f-33179e56c8c2,2024-01-09,2024-01-21
229,087e1598-11df-4ea2-832f-33179e56c8c2,2024-03-17,2024-03-26
144,c248c6bb-6e44-4390-ac7f-8123055a55e7,2024-02-01,2024-02-05
144,72f22b2d-965f-4bc1-bf96-4d449f3de470,2024-01-10,2024-01-21
204,beb188f5-46ee-4e5c-9885-98c257bd52b4,2024-01-06,2024-01-19
204,bdb1e2f2-2e24-4e1b-b083-e64acd55088d,2024-03-06,2024-03-09
123,f208d07e-808f-43e2-8591-aa2c0ba5832f,2024-01-15,2024-01-29
205,986ac897-7a08-45ef-ac1e-bef9c52a2743,2024-03-29,2024-04-06
148,555c313d-6e6f-4ee3-9313-fd42a979e4a8,2024-02-13,2024-02-27
148,f893affc-9973-4118-a98d-4160238bb541,2024-03-25,2024-04-02
72,5bf39f48-ae3b-46cd-ad22-b06340e820ba,2024-03-13,2024-03-20
72,a80f4d19-c395-44cc-a4a3-92260378b192,2024-03-20,2024-04-03
209,0a824b75-3f96-4144-9f24-9810aed7c07e,2024-03-11,2024-03-23
209,18fe4a11-7f4b-4e0a-9db0-40784e94a925,2024-03-13,2024-03-21
259,d0077aa8-ee7b-494f-bc94-44be3bf3bb61,2024-02-19,2024-03-02
259,02a513d5-58d2-47b6-90b4-eb1cf610ca88,2024-02-05,2024-02-19
137,8f22af1b-b70d-4a82-b00f-d0b011115611,2024-03-18,2024-03-27
137,468cb575-a296-4b8c-87c2-db1cce0e843d,2024-02-26,2024-03-02
141,a02dc579-5136-47aa-9f63-4e0b817a6c49,2024-03-12,2024-03-19
141,88cffbc8-29e3-4f26-9154-4af310e946d9,2024-03-24,2024-04-04
285,3437f574-2c32-4a85-b6ee-e653df0775dc,2024-01-01,2024-01-04
65,500f7fb6-92e8-4ca8-b3f8-4834cc761dbc,2024-03-02,2024-03-09
65,ac84cb4a-8bc4-4aad-bdd1-f50ad9c30942,2024-01-12,2024-01-25
65,dfa21d48-6480-406f-be45-95e1f844f571,2024-01-30,2024-02-08
224,ca1c033a-9d42-46a2-9f99-5fce3984eb38,2024-01-14,2024-01-21
224,ca1c033a-9d42-46a2-9f99-5fce3984eb38,2024-02-06,2024-02-19
57,3217ace7-702f-45dd-8c4d-39d3040e3c9f,2024-02-11,2024-02-17
57,d0077aa8-ee7b-494f-bc94-44be3bf3bb61,2024-03-11,2024-03-16
244,2754a5f9-9291-4ef6-a9e8-244a19509379,2024-01-27,2024-02-06
244,4fddd237-6f47-4190-8fda-e6e6e8b18574,2024-03-07,2024-03-12
244,206184e5-b0f3-4e0d-8e6e-b56b3f8d45dc,2024-01-31,2024-02-03
282,0508d55f-0c77-4a66-877d-062b07e7a630,2024-02-11,2024-02-20
282,f0241c1a-7261-4097-91ca-b6cf544e2d8b,2024-02-02,2024-02-15
187,4f0b440d-d91f-4522-87c1-ece7ccebbaa5,2024-02-09,2024-02-15
187,dbf91bf0-9e09-45d5-aa31-82b989510f0a,2024-02-08,2024-02-12
32,521bf2f6-6bd1-41e1-acda-c73f5c8b1001,2024-01-27,2024-02-08
35,f37f3781-4b83-4496-b0b8-7c73692c74fe,2024-02-04,2024-02-17
35,dcdc1b86-e7e2-4474-a56a-0873e0a36470,2024-03-17,2024-03-31
35,3e3490c5-4791-45a2-bb00-681130fa44cc,2024-01-22,2024-01-28
266,4e8dd19f-6804-4e42-b8f5-03c8c8366ebd,2024-03-12,2024-03-16
266,53ef1a6f-f0b3-41df-b2fe-043000575911,2024-01-30,2024-02-05
266,4f51fa62-431d-4ad9-82d1-2c9619488a32,2024-02-07,2024-02-10
128,c2c39cd6-f76a-4930-b4ad-7a00e32d78ea,2024-01-10,2024-01-22
128,cd399a9d-9221-487a-9ba8-02242a34632b,2024-03-24,2024-03-31
128,fcfac6e6-3dc5-4820-b7c2-659dfe192f2e,2024-01-07,2024-01-12
214,4554030d-322e-4004-a332-78ee8f3ad009,2024-01-28,2024-02-03
214,ba74b7eb-c600-41f6-b9a1-1086e8431171,2024-03-09,2024-03-13
214,0534f926-148b-47c6-aae2-4a350a2a6712,2024-02-24,2024-03-05
139,f2e25766-3b39-4329-bf47-813a4d936027,2024-03-04,2024-03-14
139,ae7d6e8b-1de4-4857-b83b-c7eaa17bb946,2024-02-27,2024-03-05
139,ae7d6e8b-1de4-4857-b83b-c7eaa17bb946,2024-03-21,2024-03-27
154,f2e366d4-f367-4882-a30e-a5cfe95dab91,2024-03-10,2024-03-18
154,b07e33f0-7992-4dce-8215-0f30fc1cc1d5,2024-02-05,2024-02-16
154,848b2f6d-fd7f-4e76-aa7b-5c3acadfc04e,2024-02-28,2024-03-12
1,2f6d915f-3220-4be2-be48-79510d16b7c4,2024-01-17,2024-01-24
245,3f695162-b6be-47a6-a24d-06b4932b77e0,2024-01-03,2024-01-07
245,d0077aa8-ee7b-494f-bc94-44be3bf3bb61,2024-03-27,2024-04-02
219,3f358020-4292-4a80-b996-87bbd7c725fb,2024-02-12,2024-02-22
219,74a0bc4b-6696-4a06-9c23-f1688b4c28d6,2024-02-25,2024-03-06
219,6fad1e68-f200-4934-99f3-1a4df157424f,2024-03-12,2024-03-18
174,f433d5f4-0d38-4a41-87f8-1aa11f8f3dfa,2024-01-04,2024-01-16
174,129f58bb-12e3-4ef3-a415-2446d1f9a93a,2024-03-09,2024-03-20
174,a4e5cc57-ffc6-4cf3-84e3-2b719032325c,2024-01-30,2024-02-03
101,8e68ff8f-f519-4e89-a840-d8645447e8de,2024-02-23,2024-03-03
101,7b4af63e-941c-4aaa-b569-2edce57e13c6,2024-01-22,2024-02-03
101,6fad1e68-f200-4934-99f3-1a4df157424f,2024-01-18,2024-01-31
262,19a432be-e8b2-4aa0-b5ca-441abf5c0539,2024-03-31,2024-04-11
262,f219a2cb-6f53-4ee5-a1b8-ba20933ae5d8,2024-02-05,2024-02-16
81,d755d6da-5852-4d84-9a06-169b32938792,2024-01-21,2024-02-04
81,015038af-f20e-459e-b1d2-71ab4ed7f70a,2024-03-03,2024-03-09
81,c721447b-1d47-45f4-9da7-bdeb43fc402d,2024-03-16,2024-03-19
272,64c8d3ed-3369-4eee-adf9-603908513a47,2024-02-08,2024-02-14
272,fe2a4be8-69ba-4440-8299-02bf6da3d32f,2024-02-19,2024-02-22
272,1ad6a461-b8a9-429a-8d19-77427b4388ff,2024-01-28,2024-02-11
20,7dc61c01-16c4-4885-b411-b593c7ed6038,2024-02-27,2024-03-12
20,bc00c316-ffe5-44ce-a3c2-d0e70221776e,2024-03-05,2024-03-17
33,a2009930-8338-4e67-9319-ddb1832a8c7b,2024-02-19,2024-03-03
191,8736599c-7bbb-42b5-a5d9-e4298af02b2a,2024-02-25,2024-02-28
275,500315d7-b017-4aa1-a332-c65efa191f10,2024-02-16,2024-02-26
275,7356ecec-9572-4f16-9ac4-5bcc322d1fbd,2024-02-06,2024-02-15
173,e9360ad8-4fee-4f73-9f49-32e2d12f57b1,2024-01-09,2024-01-15
173,a0921254-be1f-4dcf-a652-73995024d1ea,2024-02-10,2024-02-18
173,5903a5da-1e92-4797-9d16-c74e1be70b34,2024-03-19,2024-03-28
34,0e6a8c8b-6efd-4d08-8e91-dcae3e7b4ea7,2024-03-12,2024-03-17
34,7b15a871-7321-46e2-ad44-93c455d9b435,2024-03-17,2024-03-21
34,bc1f50c0-05de-4189-a218-448439c4216e,2024-03-15,2024-03-23
131,f166080c-d284-4541-80c5-3d97c828d1e3,2024-02-05,2024-02-09
131,7c61d1e6-2f5b-4343-b3b3-e1a1eac90c55,2024-03-12,2024-03-23
221,287febf2-a211-4a70-8914-492dd4b7c774,2024-01-05,2024-01-14
84,72c99817-85cf-4f70-a354-f675769d0226,2024-03-05,2024-03-10
113,5f5a3586-2d56-4442-af52-dbccf6b9d62b,2024-03-07,2024-03-18
113,f308c7b3-9272-4979-8f3f-b729a0f014ad,2024-01-24,2024-02-03
227,7c180f96-8cd0-494b-9e45-d095e10158cb,2024-02-09,2024-02-13
227,762ac5b8-410a-479f-b346-c6a0927716e4,2024-03-24,2024-03-30
227,b8046428-fb4d-4a4b-93ab-a4b95b5c0199,2024-02-24,2024-03-07
206,d84ee4a8-f535-4a5b-8cd2-e35bca28734a,2024-01-02,2024-01-14
206,2ae0f2b6-518f-4926-ae09-73eeda660e72,2024-02-12,2024-02-24
53,61388a12-05b2-41f1-9eaa-da65ddd6dd3b,2024-02-02,2024-02-06
53,43aea919-836d-490c-8012-ed60a7e46286,2024-02-15,2024-02-20
53,b85b125a-a33c-4e34-9a8b-8d2d1c2654db,2024-03-18,2024-03-26
120,47c9b1a5-c0ba-4fe1-8d1e-4f58dfc893a9,2024-01-11,2024-01-22
192,701abc07-47d6-42e5-ad41-54ba0cb9d9fd,2024-01-23,2024-02-03
222,c218e21d-79d9-4815-96c7-5f9578ac6d9b,2024-02-22,2024-03-06
222,0012181e-5538-4e43-beb2-3772c13ce296,2024-03-10,2024-03-19
222,5abf233e-454c-489c-9322-4622e16c0592,2024-02-12,2024-02-16
181,8bbb5191-be56-44fc-aff8-71296ffa6067,2024-01-23,2024-01-31
197,7f854b59-9467-48b0-839f-7a323b94cef9,2024-03-09,2024-03-13
197,d114ffce-aed1-4d7c-863b-a2b096689f17,2024-03-04,2024-03-15
24,f61849ae-31ec-4318-bd8b-abaad7ee4334,2024-02-14,2024-02-17
203,6276c6c7-4543-4cd7-b7cf-b65b45567454,2024-02-06,2024-02-12
203,1d6e49fe-c684-46fc-beaf-d9c57ed52306,2024-03-30,2024-04-02
203,c6f0faee-8580-499a-b9c7-b07cfac97f16,2024-01-07,2024-01-10
28,7420f6d9-2c1d-4a24-a459-df983b263c1f,2024-02-08,2024-02-20
28,0849f119-a7b7-4f9c-82bc-6ac5f96dee88,2024-03-01,2024-03-08
28,0849f119-a7b7-4f9c-82bc-6ac5f96dee88,2024-02-23,2024-02-29
202,88b7c360-9436-465b-af1d-9c7e8a1ea888,2024-01-01,2024-01-05
18,f4be4d3f-9e6b-4b77-bea7-5f3fdd7fa6df,2024-03-03,2024-03-13
18,3f01baaf-a5af-4d8c-a8f4-d154f526a0a9,2024-02-27,2024-03-01
177,e33d60f3-3fcb-4610-8c85-c723c414fa2a,2024-03-02,2024-03-15
177,2af04bdd-2b0f-49a9-9732-3f1347fb591f,2024-03-25,2024-04-02
177,d3fbd749-692d-49a5-8c50-70b9e75c2223,2024-02-09,2024-02-16
80,48f707fd-2f9e-4b05-831f-fda28970d715,2024-02-21,2024-03-04
80,aae66db9-330a-4646-8b59-e503a6503a78,2024-03-16,2024-03-28
80,e358b00f-76c4-45b6-892a-ff043e97c552,2024-01-24,2024-01-30
239,556aeea4-658d-453f-8e86-075a9df0a795,2024-03-27,2024-03-31
239,68a78b28-0848-4256-9749-a1875a346091,2024-02-23,2024-03-06
239,16b1ba64-54da-4316-b2a3-c4ff29964421,2024-01-06,2024-01-10
189,73656598-2921-481d-b5d9-9c14fc2978ab,2024-02-09,2024-02-17
189,4f0b440d-d91f-4522-87c1-ece7ccebbaa5,2024-02-12,2024-02-26
189,087e1598-11df-4ea2-832f-33179e56c8c2,2024-03-15,2024-03-21
211,17ea1451-45bd-4e76-b6ec-dfa32f386fcb,2024-01-23,2024-02-03
122,905790b5-3d21-4436-b45a-7e541bc3347c,2024-01-04,2024-01-17
196,741424b5-e653-4ba2-99a5-44bacc740d60,2024-02-05,2024-02-13
159,18fe4a11-7f4b-4e0a-9db0-40784e94a925,2024-03-26,2024-04-06
159,18fe4a11-7f4b-4e0a-9db0-40784e94a925,2024-01-25,2024-01-30
41,85642a6c-8a2e-49b3-8eee-cbb93b1ae5c0,2024-02-27,2024-03-02
41,56b57b4c-abe5-4177-bba8-b9487e3f1e6b,2024-02-19,2024-02-26
41,8b68ab19-099c-45b6-aac3-135af492001d,2024-03-09,2024-03-18
276,063bc1c4-21d5-4721-aabb-6ff66234300e,2024-02-23,2024-02-28
279,3697aa1c-ab6f-4faf-87cc-8873a031dfc6,2024-02-24,2024-03-04
279,3697aa1c-ab6f-4faf-87cc-8873a031dfc6,2024-03-27,2024-04-09
26,8d821e36-2081-4a67-8c6e-254ae91ce118,2024-01-29,2024-02-02
26,e8842922-b065-4a2b-92e8-e681dc3eebb0,2024-02-20,2024-02-26
26,a996cc36-2ae4-4b91-b89c-b2f3853da629,2024-02-15,2024-02-18
59,00ff6d40-e323-459b-bcd0-1906f03647d4,2024-02-13,2024-02-16
19,cd7153d7-99ca-4095-acee-76d2fb81201f,2024-01-09,2024-01-14
19,21c341cf-f94d-4b90-bffc-58bac60f94f6,2024-02-08,2024-02-17
127,4304257e-fe92-4a3b-8887-74b9e86503c1,2024-01-25,2024-02-03
127,48f707fd-2f9e-4b05-831f-fda28970d715,2024-03-21,2024-03-25
40,81217304-d9a2-49dd-9f3d-4e75cb64edbb,2024-03-05,2024-03-17
284,a6c9d2f2-d86e-4db6-8b11-5dee05446f1e,2024-01-24,2024-01-28
284,91e6304b-7b04-4d7d-b074-d9785ed037af,2024-03-17,2024-03-30
284,7a2fa693-3aac-4183-a2f3-38e7fe761426,2024-01-01,2024-01-14
70,76b2ae05-49c7-4479-9031-20a9617360d7,2024-02-26,2024-03-05
39,e358b00f-76c4-45b6-892a-ff043e97c552,2024-02-28,2024-03-09
39,e358b00f-76c4-45b6-892a-ff043e97c552,2024-01-29,2024-02-09
39,c218e21d-79d9-4815-96c7-5f9578ac6d9b,2024-01-30,2024-02-07
15,72c99817-85cf-4f70-a354-f675769d0226,2024-02-28,2024-03-05
15,ce13738e-1356-42fb-bfa5-83adc947622d,2024-03-17,2024-03-28
15,72c99817-85cf-4f70-a354-f675769d0226,2024-03-29,2024-04-01
105,561ee0c5-0b4d-45de-96af-dd22a9d9a1b9,2024-03-30,2024-04-09
105,12080557-cb89-4f54-80af-d6a3b3c28e35,2024-03-20,2024-03-24
248,d84ee4a8-f535-4a5b-8cd2-e35bca28734a,2024-02-01,2024-02-14
248,375daace-21d0-4e28-827c-d5cc7baeee2f,2024-01-19,2024-01-31
158,4e9c124a-3b41-4509-b7f5-5e10870111ee,2024-03-31,2024-04-05
62,01c2297f-b97b-4c26-8bd3-b0c79ea02909,2024-02-25,2024-02-29
62,84766e6d-4862-442e-a5db-3399c30381f3,2024-02-29,2024-03-08
225,95114684-c063-45f1-98f9-d648573b121e,2024-03-14,2024-03-22
252,18fe4a11-7f4b-4e0a-9db0-40784e94a925,2024-02-27,2024-03-05
252,18fe4a11-7f4b-4e0a-9db0-40784e94a925,2024-02-12,2024-02-22
246,087e1598-11df-4ea2-832f-33179e56c8c2,2024-02-06,2024-02-15
246,087e1598-11df-4ea2-832f-33179e56c8c2,2024-01-18,2024-01-29
246,087e1598-11df-4ea2-832f-33179e56c8c2,2024-01-22,2024-02-01
163,0d8924b2-3097-4b33-a40d-2fcf5056441c,2024-02-03,2024-02-08
163,cf11b990-be02-4e88-927b-5ec1f1fd07f2,2024-02-25,2024-03-02
163,0e34b9cc-0825-49fc-9606-11b420268c23,2024-03-04,2024-03-13
5,2d5e454b-8acd-45c8-8fc4-2de5afb2f93e,2024-01-14,2024-01-17
5,bdb1e2f2-2e24-4e1b-b083-e64acd55088d,2024-03-04,2024-03-15
166,c3a24e5f-932f-4e5e-b86b-c1792a8c67c1,2024-02-19,2024-02-28
153,5661f48a-d84d-4e49-8ce4-b87a30cba3e7,2024-01-26,2024-01-30
184,33739149-87e1-49d7-a32f-8a81c1747a75,2024-02-12,2024-02-18
184,dcdc1b86-e7e2-4474-a56a-0873e0a36470,2024-03-03,2024-03-08
184,3e3490c5-4791-45a2-bb00-681130fa44cc,2024-02-19,2024-02-23
109,3f358020-4292-4a80-b996-87bbd7c725fb,2024-01-26,2024-02-06
182,e19857ad-6935-4084-9256-a988d3de6988,2024-01-13,2024-01-20
106,e78f1abf-8e99-40eb-bfeb-635eb712f8a8,2024-02-04,2024-02-15
106,c3fbc346-6231-48eb-b7a2-bfa860893860,2024-02-26,2024-02-29
106,500f7fb6-92e8-4ca8-b3f8-4834cc761dbc,2024-03-18,2024-03-31
143,306e62d5-8a89-4b77-9788-b8185494abe9,2024-03-05,2024-03-19
143,93e2c908-6322-4ffd-930e-54786ae339ed,2024-01-11,2024-01-19
55,18fe4a11-7f4b-4e0a-9db0-40784e94a925,2024-02-20,2024-02-23
55,18fe4a11-7f4b-4e0a-9db0-40784e94a925,2024-03-17,2024-03-24
60,6e4ce7f9-28c3-449a-a5cb-fe44b7e7bc01,2024-02-08,2024-02-22
60,b07e33f0-7992-4dce-8215-0f30fc1cc1d5,2024-03-20,2024-03-23
60,120a674a-6c7d-4392-ac9c-ce6daaf3f39e,2024-03-16,2024-03-25
268,6bd78722-90b9-459b-8376-23ef544dd792,2024-03-24,2024-03-27
268,ac84cb4a-8bc4-4aad-bdd1-f50ad9c30942,2024-01-29,2024-02-12
13,1f81d7ab-6bc3-4337-82c3-8bc74f7d4785,2024-01-11,2024-01-22
13,babf5ea2-0ce1-4a7c-8e14-dbf0d8d4ffca,2024-01-19,2024-01-26
235,a52e0439-e2f7-49f2-b177-e1094f04e7ef,2024-02-12,2024-02-23
235,18c0a3bd-ca6c-4de1-9ac8-2e4708e34f9e,2024-02-24,2024-03-05
235,206184e5-b0f3-4e0d-8e6e-b56b3f8d45dc,2024-02-03,2024-02-12
286,b508d8c6-6cd4-44b4-90b2-281f4d7fdc0d,2024-03-11,2024-03-23
286,632833b2-f4b2-4e93-a8dc-47910e09b18e,2024-03-16,2024-03-23
286,f76e165a-56cb-4121-822b-41ed35c95a14,2024-02-11,2024-02-17
289,96a46efc-ac2d-4b39-bc3f-906a04fc7903,2024-01-22,2024-02-02
289,88b7c360-9436-465b-af1d-9c7e8a1ea888,2024-02-04,2024-02-18
289,432db1f5-2658-4374-a6eb-5ba8a82bd9c4,2024-01-03,2024-01-17
264,087e1598-11df-4ea2-832f-33179e56c8c2,2024-02-01,2024-02-05
264,abb220eb-0a6f-4248-bae7-6f64b31cd923,2024-01-16,2024-01-21
37,8736599c-7bbb-42b5-a5d9-e4298af02b2a,2024-01-30,2024-02-13
37,8736599c-7bbb-42b5-a5d9-e4298af02b2a,2024-02-10,2024-02-18
37,8736599c-7bbb-42b5-a5d9-e4298af02b2a,2024-02-17,2024-02-27
27,0012181e-5538-4e43-beb2-3772c13ce296,2024-02-02,2024-02-15
27,0ecd899e-ea73-427d-a999-a8b1c169ec90,2024-02-24,2024-03-01
254,810a8783-2f25-4e7d-b8c6-5dedc0f43e28,2024-01-20,2024-02-02
254,b9eaf7b0-7621-490d-bd9f-ff20302163af,2024-01-01,2024-01-05
126,a1843178-c40b-4d9e-9055-5657de57242a,2024-02-25,2024-03-06
126,8e68ff8f-f519-4e89-a840-d8645447e8de,2024-03-03,2024-03-10
126,d9807e1e-f7c7-4255-99c6-fcfbfaeb47ac,2024-01-20,2024-01-24
111,dfa26aa5-cae5-444d-ac55-d24559fb23dc,2024-01-14,2024-01-26
46,5c75a23b-1772-46ec-afea-4065108532b7,2024-03-31,2024-04-11
46,45bfceb5-1d2d-4af8-ba98-115a69e64683,2024-03-18,2024-03-25
278,741424b5-e653-4ba2-99a5-44bacc740d60,2024-01-04,2024-01-10
278,f87698e9-018e-4f89-9541-5f429dd3eb85,2024-02-25,2024-03-03
67,bdb1e2f2-2e24-4e1b-b083-e64acd55088d,2024-02-12,2024-02-15
67,cc367c98-657d-483b-9aff-1399391962d1,2024-03-20,2024-03-24
230,0849f119-a7b7-4f9c-82bc-6ac5f96dee88,2024-03-03,2024-03-11
230,0849f119-a7b7-4f9c-82bc-6ac5f96dee88,2024-03-06,2024-03-11
190,18c0a3bd-ca6c-4de1-9ac8-2e4708e34f9e,2024-03-26,2024-04-07
114,5a448007-f837-482e-9cf9-f10335785a8e,2024-02-11,2024-02-25
107,72f22b2d-965f-4bc1-bf96-4d449f3de470,2024-01-04,2024-01-15
107,3f91e9ab-6114-45b2-8e0f-7bbcba79a0e2,2024-03-24,2024-04-02
107,8c8444b7-0377-4c35-8df4-c0fa0a7f2409,2024-03-09,2024-03-17
43,087e1598-11df-4ea2-832f-33179e56c8c2,2024-02-03,2024-02-06
43,087e1598-11df-4ea2-832f-33179e56c8c2,2024-02-03,2024-02-07
29,0e821e2a-6915-4dab-a31c-4513a0396c6c,2024-02-21,2024-02-29
29,561ee0c5-0b4d-45de-96af-dd22a9d9a1b9,2024-02-08,2024-02-16
29,f56f72b6-050b-440e-b04a-26d5af604081,2024-01-30,2024-02-11
117,0aa797f6-a44e-479b-8e8a-4b7e3eecdd1f,2024-01-31,2024-02-10
52,8f22af1b-b70d-4a82-b00f-d0b011115611,2024-03-03,2024-03-15
96,a6c9d2f2-d86e-4db6-8b11-5dee05446f1e,2024-03-22,2024-03-30
96,736eea3b-0bbe-4126-8d7a-21faed4e896e,2024-03-26,2024-04-01
96,f56f72b6-050b-440e-b04a-26d5af604081,2024-01-26,2024-02-03
269,df8e8065-8209-4fb6-8b04-e315807c7ada,2024-02-25,2024-03-09
269,0de2c2bc-1454-4cbd-be61-333317ef0544,2024-01-25,2024-02-06
269,167b5e16-6290-4c8c-8889-5bd06765ac1a,2024-01-25,2024-02-03
256,834781ea-7628-45a7-96f7-b1f19192486b,2024-01-14,2024-01-24
256,b38ecc05-0d53-4198-9ca8-8aa270342698,2024-01-28,2024-02-06
240,eb7e77c1-36e9-4736-a07a-039f9b224bd9,2024-03-24,2024-03-31
240,3caa330b-04cd-446e-87c6-3c2f1f0d1a4c,2024-03-28,2024-04-09
240,3caa330b-04cd-446e-87c6-3c2f1f0d1a4c,2024-01-01,2024-01-10
42,90ce5f01-d2d6-46bd-ae69-0b4599ece27d,2024-01-08,2024-01-14
42,00d593a1-0381-4548-a291-ec9a637e3053,2024-03-12,2024-03-23
42,577d0ad7-c676-4e9c-b600-b163139f26b5,2024-01-19,2024-01-31
249,1b8a8e20-ae98-4c9b-826d-175399c3e653,2024-01-27,2024-02-02
75,52e56fb6-208e-429a-a121-eb5a16e02645,2024-01-11,2024-01-19
133,0ce1de3e-16ec-46df-9c11-a99567313055,2024-02-25,2024-03-08
133,79e7a94d-e92e-4951-8f11-b25100fd6d88,2024-02-14,2024-02-21
88,3495d011-edd1-4c95-aa27-41ea73e1de5a,2024-02-11,2024-02-18
88,1ee36d6f-ce81-4fb5-9b1e-240d70caf3df,2024-03-21,2024-03-26
155,8736599c-7bbb-42b5-a5d9-e4298af02b2a,2024-01-27,2024-01-31
233,2f6d915f-3220-4be2-be48-79510d16b7c4,2024-03-03,2024-03-16
233,ffcd6bbe-de68-4ab6-92fa-4e7472736d4a,2024-03-31,2024-04-03
213,364c033a-c6e3-415b-afcd-c2f9f853a338,2024-01-20,2024-01-24
213,120a674a-6c7d-4392-ac9c-ce6daaf3f39e,2024-01-20,2024-01-23
277,0a68e129-b529-45a6-9b07-18edd096b01f,2024-02-23,2024-03-08
277,3323c8bf-d5d1-43c9-bb0f-515fd1809825,2024-03-03,2024-03-07
157,f4357b31-f5bb-4969-b2ea-bea5f269f9e0,2024-02-23,2024-03-07
247,13501344-84c5-47a1-95bd-9fe9eb83c545,2024-02-26,2024-03-07
257,1462ee6e-9239-4a91-8617-17456140693e,2024-02-15,2024-02-26
257,1462ee6e-9239-4a91-8617-17456140693e,2024-03-09,2024-03-16
257,b252fb14-9760-4d49-aa11-84e9e1f37d72,2024-01-21,2024-02-01
242,f8b54fc8-dd9c-4755-96b8-c190867724f4,2024-03-09,2024-03-17
242,7f854b59-9467-48b0-839f-7a323b94cef9,2024-03-06,2024-03-12
167,f87698e9-018e-4f89-9541-5f429dd3eb85,2024-01-23,2024-02-05
167,4f0b440d-d91f-4522-87c1-ece7ccebbaa5,2024-03-25,2024-04-06
167,f87698e9-018e-4f89-9541-5f429dd3eb85,2024-01-05,2024-01-16
14,03de1924-fed9-413d-be40-fa7f080d319e,2024-03-19,2024-03-24
216,44280109-34db-41c6-8d3d-58b7cdcd8e15,2024-01-07,2024-01-14
93,368c3faa-21c9-4081-8344-912839034e7d,2024-03-09,2024-03-15
93,0534f926-148b-47c6-aae2-4a350a2a6712,2024-02-15,2024-02-28
93,7b3ff3ce-b715-420c-a204-d85fdfbae6df,2024-01-22,2024-01-25
74,1e1d849e-cae6-441a-a9fa-be23aad6bd48,2024-01-21,2024-01-27
76,25536f25-c122-4ee9-96b5-450584fba12f,2024-02-08,2024-02-21
124,61924350-7919-4bb0-b474-75a994c61799,2024-01-05,2024-01-10
124,9e998f3a-8d2a-4973-b2a7-8a3f2fad6784,2024-03-28,2024-04-09
125,ff5aada7-6eec-4fc1-8d03-dfd760020a2d,2024-03-10,2024-03-19
125,087e1598-11df-4ea2-832f-33179e56c8c2,2024-01-25,2024-01-28
258,4eeae865-d527-48a8-ba7e-76aa2a18806a,2024-01-17,2024-01-20
258,7365edc2-17f3-4168-a565-3841920d1f43,2024-01-30,2024-02-11
258,129f58bb-12e3-4ef3-a415-2446d1f9a93a,2024-02-14,2024-02-25
195,7f71d0e4-0054-4c0b-9a57-9a1eef4290c6,2024-02-05,2024-02-14
195,3e7a1866-97b6-4015-b684-446fc04f2c26,2024-02-22,2024-02-27
195,31a06cc4-7eb4-4338-89e3-0d58c7a7f51c,2024-02-28,2024-03-08
78,244de36f-6e6e-425c-98a3-6ff6b1da554b,2024-03-10,2024-03-17
78,6d24d5d1-3499-47e8-b177-cb1b32fb5cd7,2024-02-07,2024-02-19
108,03b3e78f-25be-46f8-a0f8-332864b65410,2024-03-23,2024-04-03
108,d45ef9ac-e258-4a78-ada3-51a65be47c1f,2024-03-05,2024-03-12
108,c218e21d-79d9-4815-96c7-5f9578ac6d9b,2024-02-04,2024-02-16
241,d114ffce-aed1-4d7c-863b-a2b096689f17,2024-01-24,2024-02-06
241,392f0c0a-ef22-4aa6-8142-7987ae0cb0dc,2024-01-03,2024-01-17
241,1b8a8e20-ae98-4c9b-826d-175399c3e653,2024-01-20,2024-02-02
3,9a2fbba8-8058-4cca-824d-40bed61e7534,2024-01-04,2024-01-10
3,8d0c2588-45e1-44a0-9fdb-ac420dd0cd14,2024-02-09,2024-02-17
3,e78f1abf-8e99-40eb-bfeb-635eb712f8a8,2024-01-28,2024-02-03
243,5a94d06b-7f01-441c-8641-5b3638732572,2024-01-07,2024-01-21
243,3697aa1c-ab6f-4faf-87cc-8873a031dfc6,2024-01-26,2024-01-29
243,e2b8f78b-34d2-43aa-87e6-a12aa5dce936,2024-01-07,2024-01-15
220,d4e9fae1-15ff-4ba8-9452-11cd8c1d3b5e,2024-02-27,2024-03-01
220,f5cb234a-e6b0-4c40-aed4-2ee00ea04ce4,2024-02-09,2024-02-17
220,ed81514e-f72c-4af4-babf-18a8dfb283f7,2024-01-17,2024-01-23
99,fcfac6e6-3dc5-4820-b7c2-659dfe192f2e,2024-02-28,2024-03-07
99,dbf91bf0-9e09-45d5-aa31-82b989510f0a,2024-03-26,2024-03-30
99,ca1c033a-9d42-46a2-9f99-5fce3984eb38,2024-02-18,2024-02-22
207,ed232322-5790-4f45-b64a-a02b12d7a613,2024-03-20,2024-03-28
207,64c023df-abc5-4088-af0c-8f7d8ce1d79c,2024-01-26,2024-02-03
91,0849f119-a7b7-4f9c-82bc-6ac5f96dee88,2024-01-17,2024-01-20
91,0849f119-a7b7-4f9c-82bc-6ac5f96dee88,2024-01-19,2024-02-02
91,0849f119-a7b7-4f9c-82bc-6ac5f96dee88,2024-02-19,2024-02-23
91,0849f119-a7b7-4f9c-82bc-6ac5f96dee88,2024-01-31,2024-02-14
91,0849f119-a7b7-4f9c-82bc-6ac5f96dee88,2024-02-25,2024-03-03
91,0849f119-a7b7-4f9c-82bc-6ac5f96dee88,2024-03-08,2024-03-15
261,174ab8ec-e7f0-4911-8f45-26cc6c671be8,2024-02-11,2024-02-25
261,030cc9b3-aed5-41f4-9662-7f5c32eff51a,2024-03-29,2024-04-06
261,a3dfe358-948b-491c-b7df-92ac3e699b59,2024-01-30,2024-02-10
261,31a06cc4-7eb4-4338-89e3-0d58c7a7f51c,2024-01-27,2024-02-10
261,8736599c-7bbb-42b5-a5d9-e4298af02b2a,2024-01-29,2024-02-02
261,b0985f3d-d095-47bc-b409-abb535fc588d,2024-03-17,2024-03-25
151,8a737eb8-871f-49a7-9de7-340d346f8b51,2024-03-03,2024-03-10
151,0012181e-5538-4e43-beb2-3772c13ce296,2024-03-23,2024-04-05
151,03b3e78f-25be-46f8-a0f8-332864b65410,2024-01-02,2024-01-11
151,48f707fd-2f9e-4b05-831f-fda28970d715,2024-02-23,2024-03-03
151,48f707fd-2f9e-4b05-831f-fda28970d715,2024-02-23,2024-03-06
151,48f707fd-2f9e-4b05-831f-fda28970d715,2024-01-27,2024-01-30
44,f6ee3a04-6b0f-4a7b-af49-3df64321e1a5,2024-02-11,2024-02-22
44,acd56605-3530-4952-b884-05c4c9b888b6,2024-03-02,2024-03-07
44,f6ee3a04-6b0f-4a7b-af49-3df64321e1a5,2024-03-03,2024-03-08
44,96a46efc-ac2d-4b39-bc3f-906a04fc7903,2024-02-22,2024-02-28
44,86e4e209-d135-42e7-9d06-143eb85c0f19,2024-01-14,2024-01-23
132,bccccbbe-edaa-45b9-b1df-cab8bd557ea7,2024-01-01,2024-01-14
132,c51388bd-08df-4e35-8e5e-43a75863c46c,2024-03-17,2024-03-31
132,bdb1e2f2-2e24-4e1b-b083-e64acd55088d,2024-02-02,2024-02-15
132,30faf30a-7c01-435f-846b-165ac7891bcf,2024-03-16,2024-03-26
85,dc7d0544-5720-42c7-aa74-e2196f5ab4f7,2024-01-23,2024-02-03
85,9e998f3a-8d2a-4973-b2a7-8a3f2fad6784,2024-01-19,2024-01-23
85,61924350-7919-4bb0-b474-75a994c61799,2024-01-23,2024-01-31
85,f933b532-cd5d-4fee-900e-e7e3f1c9fb84,2024-02-06,2024-02-15
194,b670a103-fa70-4cae-8ca2-2c1b49285b15,2024-03-14,2024-03-19
194,f74e2730-efc2-4495-9e41-ee28c10a5390,2024-02-11,2024-02-18
194,691c9e1d-96e6-4fdc-97ea-572f5c0a6b00,2024-01-23,2024-02-04
194,6b518831-22bc-494a-aa09-8044fa75c70d,2024-02-08,2024-02-16
194,6900af2e-06bc-4ffe-a92e-4b35e8a9c276,2024-01-17,2024-01-24
147,ff6a25ef-2ad3-469a-a638-0ac19319dd2d,2024-03-29,2024-04-09
147,05cb9ecd-d8e9-4e9a-892f-59a722523538,2024-02-19,2024-02-22
147,fee16592-3841-47ae-bd58-a062b9fbbb98,2024-01-31,2024-02-04
147,76b2ae05-49c7-4479-9031-20a9617360d7,2024-02-02,2024-02-10
208,ca5060b2-03ac-4b36-8f42-0b102469f94d,2024-03-23,2024-04-04
208,97c8af15-3bf3-4157-b36d-1c2e7fa759b5,2024-02-13,2024-02-24
208,0d8924b2-3097-4b33-a40d-2fcf5056441c,2024-01-09,2024-01-18
208,8f22af1b-b70d-4a82-b00f-d0b011115611,2024-03-31,2024-04-04
208,510cf9c8-deb0-432d-af07-044df42ddaf3,2024-03-16,2024-03-23
208,6ff6bc06-9eee-40d1-b168-663079cd63ea,2024-03-27,2024-04-08
48,948a79c6-0b39-405e-9452-49a7ef666f56,2024-02-14,2024-02-19
48,0dee4c2f-ef8a-401b-8b0a-0d3a4c8defd0,2024-01-30,2024-02-06
48,948a79c6-0b39-405e-9452-49a7ef666f56,2024-03-18,2024-03-22
48,3217ace7-702f-45dd-8c4d-39d3040e3c9f,2024-03-02,2024-03-13
87,47b39f03-90cf-42e5-9fa3-a3c72a6a0ecc,2024-03-30,2024-04-04
87,d114ffce-aed1-4d7c-863b-a2b096689f17,2024-02-02,2024-02-16
87,ac9dccd7-c137-4e6b-8070-42949f3ffa74,2024-01-19,2024-02-02
87,d114ffce-aed1-4d7c-863b-a2b096689f17,2024-01-14,2024-01-24
255,0bbc9dfc-b80b-4505-aee9-3aaf77c78511,2024-03-22,2024-04-04
255,f39c5e71-d2af-4d4b-a46b-e747d9d1700a,2024-03-05,2024-03-15
255,6008aa6a-dff1-4405-bca0-d6d771ea0261,2024-02-26,2024-03-07
255,8644e436-d0ce-49f1-b9b0-a856864df32c,2024-03-05,2024-03-18
255,4e52e49f-3e9f-4442-b0d9-f66e7679b4cb,2024-02-09,2024-02-19
255,2e4e0cbd-9d57-47e0-8e29-faee47da605e,2024-01-05,2024-01-11
255,8a78ea7a-f138-44cb-94f8-6db2f61594e5,2024-03-22,2024-03-26
260,f5cb234a-e6b0-4c40-aed4-2ee00ea04ce4,2024-02-17,2024-02-23
260,daa26231-8718-41db-9626-ac5325fcf54c,2024-01-14,2024-01-18
260,f5cb234a-e6b0-4c40-aed4-2ee00ea04ce4,2024-02-18,2024-02-21
260,e19857ad-6935-4084-9256-a988d3de6988,2024-01-01,2024-01-11
260,f5cb234a-e6b0-4c40-aed4-2ee00ea04ce4,2024-01-07,2024-01-19
260,e19857ad-6935-4084-9256-a988d3de6988,2024-03-31,2024-04-09
274,81bb6bc3-7a52-4378-aec0-81ccffbe157f,2024-01-10,2024-01-18
274,8035532d-5528-47ab-b981-1824ca290108,2024-01-20,2024-01-28
274,468a8ada-f7e2-4681-a880-9b7e1ed7f950,2024-03-11,2024-03-25
274,3560427e-2913-491c-b7c4-101a25687e3e,2024-01-03,2024-01-16
274,2b36859a-6077-4fea-b29c-ceec09586d92,2024-01-07,2024-01-10
56,087e1598-11df-4ea2-832f-33179e56c8c2,2024-01-09,2024-01-17
56,da8e45d0-15b3-434e-b2a9-ce151fab96a7,2024-01-26,2024-02-08
56,d90de4bf-ecc6-4b4c-851a-93c94b22247d,2024-03-16,2024-03-19
56,f54e7e32-94ae-44bd-aae3-4c1120be47d1,2024-03-12,2024-03-19
86,741ca6dc-a11f-4f18-be8d-e6a86ba7c656,2024-03-06,2024-03-11
86,a8e99779-bcc6-4dce-b986-ae2ad7c34916,2024-02-25,2024-02-29
86,fd16a73c-b98f-4095-8d34-d54df9107ae5,2024-02-26,2024-03-07
86,cd176fee-4a20-42bd-b3e0-37893bb9d138,2024-01-10,2024-01-21
86,305c171b-2ee4-4aad-94e3-8b5a14bffa1c,2024-02-16,2024-02-28
237,d2c5e73a-ed9a-45d3-9feb-0592efce9f68,2024-01-13,2024-01-21
237,64f9238d-7707-46c2-815a-9f3036b62dbb,2024-02-03,2024-02-08
237,012a14cc-2e7e-4c2e-8391-d417933a145e,2024-02-10,2024-02-16
237,cee3bd8e-56b4-4b5f-8138-f6ca1f5e316e,2024-03-27,2024-04-03
237,5226d6ed-4872-4190-9824-fe18d05eb719,2024-01-02,2024-01-14
271,f4be4d3f-9e6b-4b77-bea7-5f3fdd7fa6df,2024-01-15,2024-01-20
271,fc537499-317e-48b9-aaaf-91868c6e0858,2024-03-02,2024-03-06
271,c1ff75e8-c85f-44ed-b457-106cf29a81a7,2024-03-21,2024-03-26
271,8b5bf8fc-b1b8-45ca-848e-189a3208dc28,2024-01-13,2024-01-24
271,948a79c6-0b39-405e-9452-49a7ef666f56,2024-03-15,2024-03-22
271,8a78ea7a-f138-44cb-94f8-6db2f61594e5,2024-01-30,2024-02-03
287,ffedcec1-630c-420d-976e-2dc40da4a219,2024-02-28,2024-03-11
287,b07e33f0-7992-4dce-8215-0f30fc1cc1d5,2024-02-06,2024-02-14
287,e9360ad8-4fee-4f73-9f49-32e2d12f57b1,2024-02-07,2024-02-16
287,129f58bb-12e3-4ef3-a415-2446d1f9a93a,2024-02-14,2024-02-28
287,f1923d77-f841-441d-b40d-0957baab4e36,2024-03-04,2024-03-13
251,d3b0fa0e-8779-40dd-85a9-fee1c42b6fc8,2024-02-16,2024-02-24
251,b0985f3d-d095-47bc-b409-abb535fc588d,2024-01-18,2024-01-31
251,149d4304-322d-433a-ab8a-9c960775f278,2024-03-16,2024-03-29
251,cee3bd8e-56b4-4b5f-8138-f6ca1f5e316e,2024-02-16,2024-02-20
251,aae66db9-330a-4646-8b59-e503a6503a78,2024-02-12,2024-02-15
280,71c880db-887d-4ce9-a768-beba6eb1173b,2024-01-24,2024-01-27
280,acba4362-2964-4f11-8fc5-d751f2df96e9,2024-01-11,2024-01-15
280,433dba68-3d11-4c29-b32b-9e36593a3db6,2024-01-06,2024-01-16
280,2b4fe83f-d498-4690-b3a5-505591ea92cc,2024-03-15,2024-03-25
280,4eae246f-4e0a-4f48-bd16-92a59954740a,2024-01-08,2024-01-22
238,1e13e651-75b5-407f-9245-c087d500fbf0,2024-01-27,2024-02-03
238,4e8dd19f-6804-4e42-b8f5-03c8c8366ebd,2024-02-24,2024-03-07
238,cc367c98-657d-483b-9aff-1399391962d1,2024-01-24,2024-01-30
238,4e8dd19f-6804-4e42-b8f5-03c8c8366ebd,2024-03-29,2024-04-06
238,e60edf51-6d30-42cb-95b7-582efeef0fb9,2024-02-28,2024-03-13
79,81217304-d9a2-49dd-9f3d-4e75cb64edbb,2024-01-06,2024-01-18
79,9e70d979-e80c-43bb-95b4-24da47a9f69a,2024-01-29,2024-02-03
79,3e3490c5-4791-45a2-bb00-681130fa44cc,2024-02-24,2024-03-09
79,f5cd4a57-9e30-4fd2-9237-c412f00cf7f6,2024-01-22,2024-01-25
79,c3a24e5f-932f-4e5e-b86b-c1792a8c67c1,2024-03-11,2024-03-14
79,a1d592eb-02a3-4fe6-be16-56915583f529,2024-03-22,2024-04-05
183,a170b57d-8831-4512-ba89-0ed22b942f0d,2024-01-23,2024-02-01
183,946c0b57-ff21-4fc0-9486-18476b477eea,2024-03-04,2024-03-12
183,74da567a-3dc8-437e-8359-94fef4bdfcdb,2024-03-04,2024-03-17
183,32177922-271c-4162-bb1b-e621d6d6f22f,2024-01-16,2024-01-25
183,8e49ff0b-24fe-4d62-bf2e-b8ad7d96cdfc,2024-02-07,2024-02-13
183,62d93536-ad26-4d6d-b53d-d313bab83c62,2024-02-16,2024-02-27
183,9debaa58-3c8f-4cb0-8f75-d47f0729fa10,2024-02-07,2024-02-18
210,138ffe2d-f309-4a4b-8e64-2b11a8bea92b,2024-03-12,2024-03-21
210,142bd9dd-1272-4038-ab6f-2335db9da3aa,2024-03-10,2024-03-18
210,2d1e80ee-f089-4c59-9e99-1a2cfe9d0f47,2024-03-14,2024-03-25
210,3f358020-4292-4a80-b996-87bbd7c725fb,2024-01-23,2024-01-27
210,e9360ad8-4fee-4f73-9f49-32e2d12f57b1,2024-03-17,2024-03-20
210,74a0bc4b-6696-4a06-9c23-f1688b4c28d6,2024-03-30,2024-04-11
210,f1923d77-f841-441d-b40d-0957baab4e36,2024-02-15,2024-02-28
232,7dae8507-85a1-44c4-afc3-573258956de4,2024-03-03,2024-03-06
232,7356ecec-9572-4f16-9ac4-5bcc322d1fbd,2024-01-19,2024-01-23
232,63570f84-6330-44a9-8514-5cb47cb94cc9,2024-02-05,2024-02-19
232,20bcfd81-35f2-49c5-a74e-35b376c31640,2024-03-20,2024-04-03
232,2f6ad71d-8067-4656-88c6-9ed4855e1a9f,2024-03-28,2024-04-01
223,5b44e8fc-8cdc-4feb-95a6-736331c39990,2024-02-25,2024-03-07
223,d5586611-ddbc-408a-bae3-ec0761ae5b9f,2024-02-16,2024-02-23
223,f75dd618-7d6a-4f16-8aa2-039ba5be9414,2024-03-20,2024-04-01
223,4304257e-fe92-4a3b-8887-74b9e86503c1,2024-03-04,2024-03-09
223,a1a85fb8-4d2c-4be9-b03e-b23d99e89198,2024-01-02,2024-01-07
25,cf370436-e82c-4e2e-85e8-65d27467f383,2024-03-11,2024-03-16
25,432db1f5-2658-4374-a6eb-5ba8a82bd9c4,2024-01-13,2024-01-17
25,8207ca56-d00f-4ff3-803a-a5cfadb9dc4c,2024-01-11,2024-01-18
25,da8e45d0-15b3-434e-b2a9-ce151fab96a7,2024-03-18,2024-04-01
25,0fcb1ff4-8941-4e5a-a55d-0d7aa02a3563,2024-02-28,2024-03-06
250,5ed4995a-b20f-4ecd-998f-63cc224d5ae7,2024-02-12,2024-02-22
250,4bf4b8c4-5946-4973-86e4-287c1571cf56,2024-02-24,2024-03-05
250,c2db239b-a003-4b5a-9bd1-688a6b547628,2024-01-01,2024-01-08
250,dbf91bf0-9e09-45d5-aa31-82b989510f0a,2024-01-28,2024-02-09
250,dbf91bf0-9e09-45d5-aa31-82b989510f0a,2024-01-14,2024-01-22
250,aabee22e-4b79-433b-bf99-f7d4a2a62978,2024-02-06,2024-02-11
215,b79cc54d-b35c-46f3-85e7-e8ae07928de7,2024-01-16,2024-01-19
215,04b4a0b8-630c-4eb2-90d0-eeeec5692be5,2024-01-11,2024-01-24
215,4407ef9a-8ba3-4fc5-b0ad-96b663c8a853,2024-02-24,2024-03-05
215,b15c96bc-20e1-498e-bfdf-ef785067eb4a,2024-01-10,2024-01-13
215,5ab7cbcb-6255-4966-9cb6-00dd95e5eae7,2024-02-25,2024-03-02
215,03b3e78f-25be-46f8-a0f8-332864b65410,2024-02-17,2024-03-01
63,1e61d679-ed5b-413f-9bc8-3e4fa13b63b4,2024-02-10,2024-02-17
63,fd57f780-b429-4fa7-871f-bb44b75d359b,2024-01-15,2024-01-27
63,766d5473-7b20-4870-a525-b1f8ac918e37,2024-02-02,2024-02-12
63,9596a5b7-bb03-49f1-b059-2b44ed4c2c23,2024-02-28,2024-03-05
63,ec8f458e-f065-4066-afc2-ab9bcd35b662,2024-03-05,2024-03-17
63,f54e7e32-94ae-44bd-aae3-4c1120be47d1,2024-01-13,2024-01-18
226,13501344-84c5-47a1-95bd-9fe9eb83c545,2024-01-09,2024-01-23
226,5bfd81fc-ffcf-4985-9c88-7909ee6659a4,2024-02-10,2024-02-21
226,a599a273-d5b3-4332-a825-d7006aeb7083,2024-02-24,2024-03-01
226,7b3ff3ce-b715-420c-a204-d85fdfbae6df,2024-01-27,2024-02-04
226,c0b7fe38-e61a-4126-96d7-0f6a9ea5c95d,2024-03-12,2024-03-19
226,5ed4995a-b20f-4ecd-998f-63cc224d5ae7,2024-01-21,2024-01-29
164,c668e5aa-4e4e-4fa4-bdd4-9e826065391c,2024-02-12,2024-02-23
164,632833b2-f4b2-4e93-a8dc-47910e09b18e,2024-01-24,2024-02-01
164,3560427e-2913-491c-b7c4-101a25687e3e,2024-03-01,2024-03-11
164,c3fbc346-6231-48eb-b7a2-bfa860893860,2024-02-19,2024-03-04
164,2553e27e-bdf3-4590-ab9f-4038dd528682,2024-03-26,2024-03-31
164,3fb69519-90f4-412e-a242-38595b361c59,2024-01-22,2024-01-28
164,c3fbc346-6231-48eb-b7a2-bfa860893860,2024-02-27,2024-03-07
270,2e41b6f8-4145-4839-9650-82b8b21b4c42,2024-03-02,2024-03-07
270,905790b5-3d21-4436-b45a-7e541bc3347c,2024-01-31,2024-02-11
270,a9a510f0-1466-4832-93db-8f89ac9fa003,2024-01-10,2024-01-23
270,b252fb14-9760-4d49-aa11-84e9e1f37d72,2024-02-05,2024-02-09
270,b96ff21a-d637-406c-9b23-2df5eac62d74,2024-03-05,2024-03-17
270,6ccbf682-80c2-4a1e-b098-627c85b59c73,2024-01-04,2024-01-12
270,a9a510f0-1466-4832-93db-8f89ac9fa003,2024-02-08,2024-02-14
119,1e13e651-75b5-407f-9245-c087d500fbf0,2024-03-24,2024-04-07
119,a75e3a88-5c43-4c0c-9001-318a4521c2bb,2024-02-19,2024-02-27
119,0ecd899e-ea73-427d-a999-a8b1c169ec90,2024-03-31,2024-04-10
119,0dee4c2f-ef8a-401b-8b0a-0d3a4c8defd0,2024-02-27,2024-03-08
119,8e0e2625-b5d8-419b-b90c-47c2c0550229,2024-03-07,2024-03-11
146,d573cc0b-356e-4f54-b844-8e6333b92e47,2024-03-24,2024-03-28
146,4d5c9ab9-a311-4d46-a72b-311302990923,2024-01-23,2024-01-27
146,d573cc0b-356e-4f54-b844-8e6333b92e47,2024-03-13,2024-03-16
146,d573cc0b-356e-4f54-b844-8e6333b92e47,2024-03-28,2024-04-08
146,ecd6c1e2-f555-4e56-89a9-2ee56b3db700,2024-02-24,2024-03-04
146,4c3a219d-d884-4caf-a2e6-39cc0e77e191,2024-01-08,2024-01-19
218,abb220eb-0a6f-4248-bae7-6f64b31cd923,2024-01-26,2024-02-01
218,3560427e-2913-491c-b7c4-101a25687e3e,2024-03-10,2024-03-24
218,4c3a219d-d884-4caf-a2e6-39cc0e77e191,2024-02-14,2024-02-17
218,ae821c98-496d-43a7-8f83-97dbf156f1ba,2024-01-20,2024-01-26
218,ecd6c1e2-f555-4e56-89a9-2ee56b3db700,2024-02-07,2024-02-10
218,4c3a219d-d884-4caf-a2e6-39cc0e77e191,2024-01-27,2024-02-07
218,4c3a219d-d884-4caf-a2e6-39cc0e77e191,2024-02-27,2024-03-12
89,9afc4298-88a7-4fbd-a779-ac5ede09f017,2024-03-14,2024-03-28
89,2b7dba00-b2ad-47b1-95fa-4c6df0a476d3,2024-01-09,2024-01-19
89,87d7f29c-07a4-41ba-a368-d7ef5b8e31b9,2024-02-29,2024-03-10
89,2e2e8bb3-a45e-4ad2-9bba-b68e019bd353,2024-02-06,2024-02-20
89,3e3490c5-4791-45a2-bb00-681130fa44cc,2024-03-18,2024-03-25
265,c104a78f-8aad-4a6d-b30a-bed4bcf05b89,2024-02-12,2024-02-21
265,9dd1ff46-6832-418d-9975-ccc311b5db4b,2024-03-07,2024-03-15
265,19a432be-e8b2-4aa0-b5ca-441abf5c0539,2024-03-08,2024-03-13
265,1ee36d6f-ce81-4fb5-9b1e-240d70caf3df,2024-02-21,2024-02-27
265,bf4091dd-53dc-47e0-9189-d5cd2971520d,2024-01-26,2024-01-31
171,087e1598-11df-4ea2-832f-33179e56c8c2,2024-03-07,2024-03-14
171,66ce631a-acca-406f-95cb-59358718fca4,2024-03-15,2024-03-25
171,56b57b4c-abe5-4177-bba8-b9487e3f1e6b,2024-01-17,2024-01-26
171,087e1598-11df-4ea2-832f-33179e56c8c2,2024-02-02,2024-02-09
171,087e1598-11df-4ea2-832f-33179e56c8c2,2024-01-09,2024-01-15
273,251ea6a1-dd9d-4045-8f33-e511ec2c1710,2024-02-11,2024-02-17
273,8c8444b7-0377-4c35-8df4-c0fa0a7f2409,2024-01-13,2024-01-21
273,4d5c9ab9-a311-4d46-a72b-311302990923,2024-03-17,2024-03-23
273,b0f7214b-be0c-4e24-824d-7704f471c116,2024-01-08,2024-01-13
180,4a97dafa-d418-4de2-924f-aa8861a552cd,2024-03-31,2024-04-06
180,a0921254-be1f-4dcf-a652-73995024d1ea,2024-02-03,2024-02-12
180,fd57f780-b429-4fa7-871f-bb44b75d359b,2024-01-06,2024-01-12
180,a93f3f3a-de0e-479c-84c1-cb1e6560588f,2024-01-02,2024-01-16
180,25536f25-c122-4ee9-96b5-450584fba12f,2024-02-02,2024-02-16
180,9612fd69-5ec9-46bf-b949-09ae1d4015fa,2024-01-23,2024-01-30
149,18fe4a11-7f4b-4e0a-9db0-40784e94a925,2024-03-06,2024-03-17
149,18fe4a11-7f4b-4e0a-9db0-40784e94a925,2024-02-09,2024-02-16
149,2d5e454b-8acd-45c8-8fc4-2de5afb2f93e,2024-02-16,2024-02-28
149,3644aa09-9264-4eb6-8bb0-420074ea1be2,2024-02-15,2024-02-20
149,18fe4a11-7f4b-4e0a-9db0-40784e94a925,2024-03-04,2024-03-18
149,18fe4a11-7f4b-4e0a-9db0-40784e94a925,2024-01-28,2024-02-05
149,18fe4a11-7f4b-4e0a-9db0-40784e94a925,2024-02-07,2024-02-10
217,f61849ae-31ec-4318-bd8b-abaad7ee4334,2024-03-23,2024-03-30
217,72c99817-85cf-4f70-a354-f675769d0226,2024-01-15,2024-01-24
217,c5e5410c-c9ae-42d0-9f2f-4dbe13f4833e,2024-02-02,2024-02-05
217,72c99817-85cf-4f70-a354-f675769d0226,2024-02-03,2024-02-07
217,cbcd2bd9-adca-42f5-9ed9-4bd42bdda1c8,2024-01-08,2024-01-22
82,a52e0439-e2f7-49f2-b177-e1094f04e7ef,2024-02-29,2024-03-04
82,6218fb2c-622d-4ddd-ab39-6c45decffabd,2024-02-12,2024-02-25
82,da759270-e337-4a36-be7d-c58fe7992f07,2024-03-22,2024-03-25
82,e127bf63-51ff-4fc4-bd51-a8f1d37ec5e6,2024-03-23,2024-04-05
82,ca5060b2-03ac-4b36-8f42-0b102469f94d,2024-03-24,2024-03-30
82,23696ff3-e373-4513-ab98-3123b5e64c13,2024-03-04,2024-03-14
165,03b3e78f-25be-46f8-a0f8-332864b65410,2024-02-22,2024-03-03
165,b112f836-a8f8-4580-9538-c3bed17cbe9b,2024-01-30,2024-02-11
165,b112f836-a8f8-4580-9538-c3bed17cbe9b,2024-02-01,2024-02-08
165,b112f836-a8f8-4580-9538-c3bed17cbe9b,2024-02-03,2024-02-15
165,e358b00f-76c4-45b6-892a-ff043e97c552,2024-01-26,2024-02-04
212,0849f119-a7b7-4f9c-82bc-6ac5f96dee88,2024-02-08,2024-02-14
212,0849f119-a7b7-4f9c-82bc-6ac5f96dee88,2024-02-12,2024-02-19
212,dc7d0544-5720-42c7-aa74-e2196f5ab4f7,2024-03-30,2024-04-13
212,0849f119-a7b7-4f9c-82bc-6ac5f96dee88,2024-03-01,2024-03-06
212,0849f119-a7b7-4f9c-82bc-6ac5f96dee88,2024-01-06,2024-01-11
290,a4d3b442-4d4d-4e00-aa3e-7f027ffee3bc,2024-03-02,2024-03-12
290,23533cdb-0151-4600-a7d7-d3da3cd2e603,2024-03-18,2024-03-21
290,dbeefb1a-5d0d-42c9-81e4-0cd2f926e6a7,2024-03-09,2024-03-22
290,7356ecec-9572-4f16-9ac4-5bcc322d1fbd,2024-01-07,2024-01-14
290,a966c176-7f48-477c-a3d4-93e10edb3b35,2024-02-29,2024-03-06
290,69a27ce4-6b60-4335-9597-93ea7aa94a93,2024-02-27,2024-03-01
21,8736599c-7bbb-42b5-a5d9-e4298af02b2a,2024-03-17,2024-03-28
21,030cc9b3-aed5-41f4-9662-7f5c32eff51a,2024-02-21,2024-03-03
21,8736599c-7bbb-42b5-a5d9-e4298af02b2a,2024-02-27,2024-03-07
21,8736599c-7bbb-42b5-a5d9-e4298af02b2a,2024-01-12,2024-01-18
21,030cc9b3-aed5-41f4-9662-7f5c32eff51a,2024-03-07,2024-03-14
21,030cc9b3-aed5-41f4-9662-7f5c32eff51a,2024-03-12,2024-03-25
21,030cc9b3-aed5-41f4-9662-7f5c32eff51a,2024-02-25,2024-03-08
253,c1ff75e8-c85f-44ed-b457-106cf29a81a7,2024-03-13,2024-03-25
253,eb7e77c1-36e9-4736-a07a-039f9b224bd9,2024-03-02,2024-03-16
253,c1ff75e8-c85f-44ed-b457-106cf29a81a7,2024-03-04,2024-03-11
253,f4be4d3f-9e6b-4b77-bea7-5f3fdd7fa6df,2024-01-10,2024-01-20
253,eb7e77c1-36e9-4736-a07a-039f9b224bd9,2024-03-30,2024-04-07
253,3caa330b-04cd-446e-87c6-3c2f1f0d1a4c,2024-03-27,2024-04-01
69,bdb1e2f2-2e24-4e1b-b083-e64acd55088d,2024-02-09,2024-02-13
69,bdb1e2f2-2e24-4e1b-b083-e64acd55088d,2024-01-27,2024-02-02
69,bdb1e2f2-2e24-4e1b-b083-e64acd55088d,2024-03-03,2024-03-17
69,bdb1e2f2-2e24-4e1b-b083-e64acd55088d,2024-01-04,2024-01-07
69,bdb1e2f2-2e24-4e1b-b083-e64acd55088d,2024-03-13,2024-03-22
69,7ff4bd68-6e99-490d-82c5-c641b019d582,2024-03-12,2024-03-17
283,152cc5e3-6d4a-4e7c-a981-2d71e056dac9,2024-03-02,2024-03-12
283,d55aa0cb-08f0-421d-805b-6c8962c73bd5,2024-01-15,2024-01-29
283,f54e7e32-94ae-44bd-aae3-4c1120be47d1,2024-01-15,2024-01-28
283,40dab33b-4a65-4965-b36e-e903951aea44,2024-03-03,2024-03-08
64,16550059-2de6-4167-ab59-039d81b2acc0,2024-03-14,2024-03-26
64,141e7cc7-4b12-4477-ae37-d5ac0cb4b500,2024-02-27,2024-03-05
64,5b6794d1-473d-46eb-80cf-fe3fd5361d95,2024-03-20,2024-04-03
64,e760b94d-32b5-4771-904a-b6dc96b374fc,2024-01-26,2024-02-02
64,23eebc99-6b81-4041-8c97-f8ca02986f42,2024-02-21,2024-03-01
64,ada9decd-3476-4482-a781-53c40eedfb60,2024-01-25,2024-02-01
64,45bfceb5-1d2d-4af8-ba98-115a69e64683,2024-02-03,2024-02-06
236,0849f119-a7b7-4f9c-82bc-6ac5f96dee88,2024-01-30,2024-02-13
236,0448e4df-29eb-4c56-91d1-cbf39c837891,2024-02-06,2024-02-19
236,0849f119-a7b7-4f9c-82bc-6ac5f96dee88,2024-01-14,2024-01-25
236,0849f119-a7b7-4f9c-82bc-6ac5f96dee88,2024-02-27,2024-03-08
236,0849f119-a7b7-4f9c-82bc-6ac5f96dee88,2024-03-05,2024-03-12
236,0849f119-a7b7-4f9c-82bc-6ac5f96dee88,2024-02-16,2024-02-19
176,0849f119-a7b7-4f9c-82bc-6ac5f96dee88,2024-01-10,2024-01-19
176,0849f119-a7b7-4f9c-82bc-6ac5f96dee88,2024-02-09,2024-02-12
176,0849f119-a7b7-4f9c-82bc-6ac5f96dee88,2024-03-25,2024-04-08
176,0849f119-a7b7-4f9c-82bc-6ac5f96dee88,2024-03-17,2024-03-30
138,3437f574-2c32-4a85-b6ee-e653df0775dc,2024-02-01,2024-02-07
138,3437f574-2c32-4a85-b6ee-e653df0775dc,2024-03-31,2024-04-03
138,a9a510f0-1466-4832-93db-8f89ac9fa003,2024-01-07,2024-01-21
138,99666b14-fb6f-4698-979e-7b237290adc2,2024-03-12,2024-03-19
234,eadd358d-612c-4100-95e2-e6e45b0e1308,2024-01-17,2024-01-29
234,11aa8c6c-468d-4350-945d-9a3f59af2592,2024-03-16,2024-03-29
234,36ff6644-1cbc-4ea3-8ad2-42d9c2f1478c,2024-03-09,2024-03-21
234,e83eddf5-e9b6-4800-8a55-a604f05c022c,2024-01-15,2024-01-18
234,0de2c2bc-1454-4cbd-be61-333317ef0544,2024-02-19,2024-02-26
234,c248c6bb-6e44-4390-ac7f-8123055a55e7,2024-01-07,2024-01-12
234,bda9b3d4-9100-4524-aef8-d42d6cfbb520,2024-03-01,2024-03-04
234,555c313d-6e6f-4ee3-9313-fd42a979e4a8,2024-03-15,2024-03-20
234,65ac0796-41c0-4153-a262-3694dcb8805f,2024-01-07,2024-01-21
234,c5e5410c-c9ae-42d0-9f2f-4dbe13f4833e,2024-02-13,2024-02-19
234,f308c7b3-9272-4979-8f3f-b729a0f014ad,2024-03-17,2024-03-31
281,392f0c0a-ef22-4aa6-8142-7987ae0cb0dc,2024-02-28,2024-03-12
281,392f0c0a-ef22-4aa6-8142-7987ae0cb0dc,2024-03-20,2024-03-28
281,392f0c0a-ef22-4aa6-8142-7987ae0cb0dc,2024-03-15,2024-03-20
281,392f0c0a-ef22-4aa6-8142-7987ae0cb0dc,2024-02-10,2024-02-14
281,d114ffce-aed1-4d7c-863b-a2b096689f17,2024-01-11,2024-01-24
281,d114ffce-aed1-4d7c-863b-a2b096689f17,2024-03-18,2024-03-30
281,626961d7-74e3-42f9-8467-a18a41257344,2024-02-23,2024-03-05
281,392f0c0a-ef22-4aa6-8142-7987ae0cb0dc,2024-02-26,2024-03-11
281,63570f84-6330-44a9-8514-5cb47cb94cc9,2024-02-10,2024-02-19
281,392f0c0a-ef22-4aa6-8142-7987ae0cb0dc,2024-02-21,2024-02-24
281,d114ffce-aed1-4d7c-863b-a2b096689f17,2024-01-08,2024-01-17
281,d114ffce-aed1-4d7c-863b-a2b096689f17,2024-03-13,2024-03-24
281,d114ffce-aed1-4d7c-863b-a2b096689f17,2024-01-11,2024-01-24
267,ecc36222-9de0-45a4-a1be-71e97f16fec1,2024-02-07,2024-02-11
267,f5cb234a-e6b0-4c40-aed4-2ee00ea04ce4,2024-03-03,2024-03-17
267,4f8d6daf-80a0-4b46-b0f4-6118065b3f41,2024-03-08,2024-03-21
267,e19857ad-6935-4084-9256-a988d3de6988,2024-01-16,2024-01-19
267,e19857ad-6935-4084-9256-a988d3de6988,2024-02-02,2024-02-12
267,b76e9997-dbcf-4bb9-a89a-f880ba174c3d,2024-03-21,2024-03-31
267,d3819b07-27c3-48ac-b96e-f90ece882d7c,2024-03-01,2024-03-13
267,026ca6a4-424a-424a-b99d-ef4b4c5a0a2b,2024-02-21,2024-02-24
267,ed81514e-f72c-4af4-babf-18a8dfb283f7,2024-01-05,2024-01-15
267,6041329b-7142-4363-a457-f5449a086cd7,2024-01-14,2024-01-25
231,bc4d2896-3c6b-4b66-808c-6c6bcfa87000,2024-03-05,2024-03-08
231,dda28c5a-dcc1-4783-b557-df5e8191810b,2024-02-16,2024-02-29
231,9612fd69-5ec9-46bf-b949-09ae1d4015fa,2024-02-11,2024-02-20
231,dda28c5a-dcc1-4783-b557-df5e8191810b,2024-02-18,2024-02-21
231,0e6c71fe-d0f6-4e16-8a6f-b40d5bed0ef3,2024-02-02,2024-02-14
231,848b2f6d-fd7f-4e76-aa7b-5c3acadfc04e,2024-03-31,2024-04-09
231,944c297e-282d-46c9-aa11-362764e8f87d,2024-03-09,2024-03-17
231,bb6b942b-c4e4-4bd1-bcbe-2c51aacf8c4c,2024-02-08,2024-02-20
231,1b15920f-f6c6-4a42-a9a0-918a1a907a32,2024-01-28,2024-02-04
231,5b6794d1-473d-46eb-80cf-fe3fd5361d95,2024-03-22,2024-04-01
231,092f29c7-0e06-4f0e-951a-c05e1c5a1241,2024-03-24,2024-03-27
231,5aefd070-be49-4a64-80d1-b8d4dabd4c0b,2024-03-03,2024-03-13
231,3533a3c3-e9cd-4a73-bac8-7f1158da4ce0,2024-02-27,2024-03-12
231,4de68558-22c9-4079-b043-e54440d3004a,2024-03-23,2024-03-29
231,f590918a-9010-4611-acc2-294f9d435e38,2024-02-06,2024-02-14
228,955d5aaa-c088-4b4b-8c49-2680f4f2614a,2024-02-15,2024-02-23
228,5e590235-30fb-4312-9ccd-b8c449bd6048,2024-02-29,2024-03-11
228,e4b2f704-a789-4c20-8835-bf8154c4ff62,2024-02-22,2024-02-26
228,e925bdd6-2e5b-4c6e-8835-107bcfad041b,2024-02-08,2024-02-17
228,4c59a834-0464-4838-adb9-f3c7a485d4d2,2024-03-05,2024-03-13
228,1d6e49fe-c684-46fc-beaf-d9c57ed52306,2024-01-19,2024-01-25
228,277f1e99-5dd3-4d5d-a777-c7a193f1a17a,2024-02-14,2024-02-25
228,f34d8493-9238-4baf-bd10-a0c58537d57d,2024-01-01,2024-01-07
228,803428b4-6edc-4eb7-88c7-d761bb8a77c1,2024-02-19,2024-02-25
228,f34d8493-9238-4baf-bd10-a0c58537d57d,2024-01-15,2024-01-19
228,6276c6c7-4543-4cd7-b7cf-b65b45567454,2024-02-28,2024-03-12
228,4c513227-a004-480a-8e5c-7901431646ab,2024-02-17,2024-02-24
228,049755fa-d0dd-49bf-b379-8b28994be77f,2024-01-05,2024-01-17
116,9e974b76-25a6-478c-a777-1ceacc2a5765,2024-02-20,2024-03-01
116,7b3ff3ce-b715-420c-a204-d85fdfbae6df,2024-01-05,2024-01-11
116,2553e27e-bdf3-4590-ab9f-4038dd528682,2024-03-13,2024-03-21
116,c3fbc346-6231-48eb-b7a2-bfa860893860,2024-03-12,2024-03-16
116,b508d8c6-6cd4-44b4-90b2-281f4d7fdc0d,2024-03-29,2024-04-10
116,632833b2-f4b2-4e93-a8dc-47910e09b18e,2024-01-29,2024-02-01
116,3fb69519-90f4-412e-a242-38595b361c59,2024-03-12,2024-03-22
116,acd56605-3530-4952-b884-05c4c9b888b6,2024-02-26,2024-03-03
116,c3fbc346-6231-48eb-b7a2-bfa860893860,2024-02-19,2024-02-27
116,cbd0905c-954f-47b0-9ff0-b1528e607eb5,2024-02-09,2024-02-13
116,3560427e-2913-491c-b7c4-101a25687e3e,2024-02-02,2024-02-11
116,68c62a60-e056-4ccf-a931-b01dcd3d67a4,2024-02-27,2024-03-07
116,df0aa669-948f-45de-a5d3-1b88491346ca,2024-03-12,2024-03-25
116,cbd0905c-954f-47b0-9ff0-b1528e607eb5,2024-03-06,2024-03-10
129,6cc9bfd0-aa6d-44d3-b0a8-0730d66d9db8,2024-02-15,2024-02-25
129,561ee0c5-0b4d-45de-96af-dd22a9d9a1b9,2024-03-20,2024-04-03
129,a6c9d2f2-d86e-4db6-8b11-5dee05446f1e,2024-03-03,2024-03-14
129,f56f72b6-050b-440e-b04a-26d5af604081,2024-01-24,2024-02-04
129,12080557-cb89-4f54-80af-d6a3b3c28e35,2024-02-11,2024-02-25
129,f8b54fc8-dd9c-4755-96b8-c190867724f4,2024-02-17,2024-02-25
129,736eea3b-0bbe-4126-8d7a-21faed4e896e,2024-03-11,2024-03-25
129,12080557-cb89-4f54-80af-d6a3b3c28e35,2024-02-04,2024-02-10
129,f8b54fc8-dd9c-4755-96b8-c190867724f4,2024-02-01,2024-02-15
129,736eea3b-0bbe-4126-8d7a-21faed4e896e,2024-02-27,2024-03-02
129,736eea3b-0bbe-4126-8d7a-21faed4e896e,2024-02-24,2024-03-08
142,b670a103-fa70-4cae-8ca2-2c1b49285b15,2024-03-06,2024-03-17
142,e9f941bd-74e5-494a-99c8-5b951252271e,2024-01-31,2024-02-05
142,6906b338-dbb1-4efa-822e-8beadf7f2a96,2024-03-05,2024-03-17
142,c44e45fa-09df-41ce-add4-7c0bc0fedae8,2024-02-08,2024-02-20
142,68b4f0e4-4966-457d-9dce-a958498f082c,2024-02-26,2024-03-07
142,37d1fef8-d61b-4335-9ba6-80715cfd2e86,2024-01-31,2024-02-03
142,2ae0f2b6-518f-4926-ae09-73eeda660e72,2024-01-16,2024-01-25
142,f11fbf7a-2ecb-4925-b07d-7d2b2d628094,2024-02-29,2024-03-12
142,8d0c2588-45e1-44a0-9fdb-ac420dd0cd14,2024-02-10,2024-02-22
92,2e4e0cbd-9d57-47e0-8e29-faee47da605e,2024-02-24,2024-03-03
92,4e52e49f-3e9f-4442-b0d9-f66e7679b4cb,2024-02-16,2024-02-25
92,3217ace7-702f-45dd-8c4d-39d3040e3c9f,2024-03-17,2024-03-27
92,f223234a-1587-45c0-a2bd-4cb1f1855539,2024-01-05,2024-01-16
92,0dd8009d-cf28-4276-9aaf-5144b117274b,2024-03-14,2024-03-24
92,2e4e0cbd-9d57-47e0-8e29-faee47da605e,2024-03-21,2024-03-25
92,d0077aa8-ee7b-494f-bc94-44be3bf3bb61,2024-01-11,2024-01-19
92,2e4e0cbd-9d57-47e0-8e29-faee47da605e,2024-01-14,2024-01-17
92,1df5fc92-4c87-47aa-9a13-04caf0dc9b44,2024-01-02,2024-01-09
49,2f7fc6ee-1d5b-41b1-8e84-33ac7da4f8c6,2024-03-21,2024-03-31
49,7ec06b39-9f7f-48f3-9f4c-edd886664b89,2024-01-08,2024-01-15
49,53d56abe-eff4-4375-a445-636a37c6200c,2024-01-10,2024-01-21
49,aabee22e-4b79-433b-bf99-f7d4a2a62978,2024-03-19,2024-03-31
49,3e47b3ae-bb0a-4dd5-af6d-34b1446df673,2024-02-06,2024-02-13
49,1a280f2d-cf9f-47fb-88aa-e6f8dd4d11d5,2024-02-27,2024-03-05
49,ed81514e-f72c-4af4-babf-18a8dfb283f7,2024-02-12,2024-02-18
49,3bf2dc16-ce57-4a52-8b44-3311424b8630,2024-02-25,2024-03-06
49,ab3b41e0-ef04-4a5a-bd75-fc2e4b527b80,2024-01-19,2024-02-01
49,dd1b2a1b-c0f4-4f6d-ba78-42a39e5dc36e,2024-03-14,2024-03-18
49,ed81514e-f72c-4af4-babf-18a8dfb283f7,2024-02-17,2024-02-26
49,16565580-09b1-446a-9973-75f0d4fabd64,2024-03-05,2024-03-08
49,aabee22e-4b79-433b-bf99-f7d4a2a62978,2024-01-06,2024-01-14
288,0aa797f6-a44e-479b-8e8a-4b7e3eecdd1f,2024-03-31,2024-04-05
288,8517a32b-e9d2-46fc-a881-4503829020a1,2024-01-26,2024-02-05
288,0aa797f6-a44e-479b-8e8a-4b7e3eecdd1f,2024-01-10,2024-01-13
288,fd4592a4-87cb-4add-a677-b4e4a2ed3e67,2024-03-13,2024-03-21
288,0aa797f6-a44e-479b-8e8a-4b7e3eecdd1f,2024-02-28,2024-03-07
288,d14a21c9-ddbe-414e-ad6d-d50349e409dd,2024-02-19,2024-03-01
288,cfe4fb16-bf3f-44bb-949b-f796dde4cdad,2024-01-22,2024-02-01
288,cfe4fb16-bf3f-44bb-949b-f796dde4cdad,2024-02-04,2024-02-12
288,cfe4fb16-bf3f-44bb-949b-f796dde4cdad,2024-03-23,2024-03-29
288,df927196-4f6a-415b-a877-d28a887d9132,2024-01-06,2024-01-16
288,ca1c033a-9d42-46a2-9f99-5fce3984eb38,2024-02-16,2024-02-25
288,fcfac6e6-3dc5-4820-b7c2-659dfe192f2e,2024-03-24,2024-04-07
98,0db69c93-ced3-408f-9582-39065ebdec46,2024-01-30,2024-02-06
98,714281b3-de2f-4fe7-aebd-68084fb2e452,2024-03-17,2024-03-30
98,d1adb6d4-1576-4098-91a8-fb41877b8d2c,2024-02-10,2024-02-23
98,dd297562-f674-4147-9a59-5b207d0c322f,2024-01-17,2024-01-25
98,1dfc00f8-1eb1-493a-857e-0886cab71548,2024-01-05,2024-01-15
98,8a737eb8-871f-49a7-9de7-340d346f8b51,2024-03-12,2024-03-19
98,2ede0ae0-6379-4631-98db-315431151a7d,2024-01-02,2024-01-13
98,4cb7d528-e910-41ae-90a2-1851d5d3c2bc,2024-01-04,2024-01-08
98,a996cc36-2ae4-4b91-b89c-b2f3853da629,2024-01-28,2024-02-03
